{
  "bin_edges": {
    "lat_bin_1p0": [
      -14.0,
      18.0,
      28.0,
      30.0,
      37.0,
      40.0,
      41.0,
      42.0,
      58.0,
      70.0
    ],
    "lon_bin_1p0": [
      -171.0,
      -149.0,
      -134.0,
      -124.0,
      -89.0,
      -88.0,
      -83.0,
      -76.0,
      -74.0,
      -70.0,
      -68.0
    ],
    "missing_24h": [
      0.0,
      24.0
    ],
    "sigma_mean_6h": [
      0.0,
      0.0018333333333333342,
      0.002666666666666669,
      0.0034999999999999983,
      0.004166666666666666,
      0.004833333333333333,
      0.005666666666666664,
      0.006666666666666667,
      0.008000000000000002,
      0.009833333333333331,
      0.011666666666666705,
      0.014166666666666708,
      0.018500000000000003,
      0.02500000000000002,
      0.03560000000000001,
      0.057666666666666665,
      1.5808333333333333
    ],
    "wl_chg1": [
      -1.893,
      -0.355,
      -0.22,
      -0.139,
      -0.089,
      -0.05299999999999999,
      -0.030999999999999972,
      -0.013999999999999999,
      0.0,
      0.013999999999999985,
      0.03,
      0.049,
      0.07800000000000001,
      0.122,
      0.20900000000000002,
      0.393,
      1.649
    ],
    "wl_lag1": [
      -4.295999999999999,
      -0.74215625,
      -0.401,
      -0.25,
      -0.148,
      -0.071,
      -0.007,
      0.047,
      0.097,
      0.149,
      0.203,
      0.266,
      0.34,
      0.438,
      0.5914999999999999,
      0.914,
      3.543
    ],
    "wl_level": [
      -4.204,
      -0.747,
      -0.4048125,
      -0.252,
      -0.15,
      -0.072,
      -0.008,
      0.046,
      0.097,
      0.148,
      0.203,
      0.264,
      0.34,
      0.43646875,
      0.589,
      0.918,
      3.5135
    ],
    "wl_mean_6h": [
      -3.068999999999999,
      -0.4916666666666667,
      -0.28399999999999953,
      -0.18099999999999997,
      -0.10650000000000014,
      -0.04549999999999995,
      0.005666666666666616,
      0.05199999999999999,
      0.09516666666666662,
      0.13666666666666652,
      0.18074999999999994,
      0.23016666666666719,
      0.28799999999999953,
      0.35999999999999965,
      0.4651666666666659,
      0.6710833333333331,
      2.6392500000000023
    ],
    "wl_mean_72h": [
      -0.9176666666666667,
      -0.13865190972222213,
      -0.07613802083333332,
      -0.033325086805555564,
      -0.0019166666666666668,
      0.025118055555555564,
      0.04821527777777781,
      0.06867361111111112,
      0.08845833333333336,
      0.1083611111111111,
      0.12839583333333335,
      0.14934505208333332,
      0.17251736111111107,
      0.19971527777777778,
      0.23577430555555554,
      0.29609678819444446,
      0.8920138888888888
    ],
    "wl_range_24h": [
      0.06149999999999999,
      0.193,
      0.256,
      0.3425,
      0.48,
      0.5785,
      0.6579999999999999,
      0.7325,
      0.812,
      0.9015,
      1.0655000000000001,
      1.565,
      1.805,
      2.0145,
      2.364,
      3.55446875,
      7.603999999999999
    ],
    "wl_std_24h": [
      0.015999773549116674,
      0.05861989353164509,
      0.07875131145651443,
      0.10792961645424111,
      0.15401530956275356,
      0.1851608798625107,
      0.20904336500587717,
      0.23250028829634944,
      0.2582695023992673,
      0.2897263788980529,
      0.34869827222736266,
      0.5057014280479305,
      0.5856287679878185,
      0.6593829041184699,
      0.8152130825433331,
      1.1518425868601847,
      2.5285836872279304
    ]
  },
  "horizons_h": [
    12,
    24
  ],
  "min_train_hours_per_station": 1200,
  "n_bins": 16,
  "positive_rate": {
    "test": 0.10032098716051358,
    "train": 0.10007663175664419
  },
  "row_counts": {
    "test": 200008,
    "train": 180082
  },
  "slice_threshold_train_only": {
    "wl_range_24h_q75": 1.805
  },
  "source_cache_dir": "C:\\Users\\user\\Downloads\\AQ_task\\competition_noaa_coops_highwater_next48h_regime_shift\\_cache",
  "split": {
    "bridge_test_rate": 35,
    "bridge_years": [
      2019,
      2020
    ],
    "keep_percent_test": 18,
    "keep_percent_train": 10,
    "test_min_year": 2021,
    "train_max_year": 2018
  },
  "stations_used": 14,
  "tail_quantile": 0.1,
  "thresholds_summary": {
    "h12": {
      "global_tau_q10": -1.3305798611111108,
      "n_station_specific": 14
    },
    "h24": {
      "global_tau_q10": -1.4503715277777778,
      "n_station_specific": 14
    }
  }
}